"SL 
No","Ward
No",Name of the ward,Zone,Location of the toilet,Name of the road/ street,"Year of 
construct
ion",Gents,Ladies,Facilities available Electricity,water,UGD,"water 
tank",BWSSB,"Bore 
well","Contractor 
name",ward AE/AEE Name
1,1,Kempegowda Ward,Yelanka,Near Post ofiice,BB Road Yelanka,2013,Yes,Yes,Yes,Yes,Yes,Yes,Yes,No,PKS,"AE Chnadra Shekar 
A.G
AEE, Prabhakar G.B"
2,1,Kempegowda Ward,Yelanka,Ayodya Complex,Suggappa Layout MR.,2009,Yes,Yes,Yes,Yes,Yes,Yes,Yes,No,PKS,"AE Chnadra Shekar 
A.G
AEE, Prabhakar G.B"
3,1,Kempegowda Ward,Yelanka,Govt. Hospital,Hospital Rd Yelanka,2005,Yes,Yes,Yes,Yes,Yes,Yes,Yes,No,PKS,"AE Chnadra Shekar 
A.G
AEE, Prabhakar G.B"
4,2,Chowdeswari Ward,Yelanka,BBMP office,BBMp Office Road,2008,Yes,Yes,Yes,Yes,Yes,Yes,Yes,No,PKS,"AE Rama Sanjeevaiah
AEE, Prabhakar G.B"
5,3,Atturu,Yelanka,"Near Chikka bettahalli 
Rd",Masjid rd,2015,No,No,Yes,Yes,No,Yes,No,Yes,-,"Jagadish AEE
Pradeep BN AE"
6,4,Yelahanka Satellite Town,Yelanka,"Doddaballapura MR 
near NES office",-,2015,No,No,Yes,Yes,Yes,Yes,No,No,-,"Jagadish AEE
Pradeep BN AE"
7,4,Yelahanka Satellite Town,Yelanka,"Yelahanaka new town, 
opp RTO complex",-,2015,No,No,No,Yes,Yes,Yes,No,No,-,"Jagadish AEE
Pradeep BN AE"
8,5,Jakkuru,Yelanka,jakkur 18th Cross,Jakkur main Raod,2004,Yes,Yes,Yes,No,No,Yes,No,No,-,Chandrakanthraju PA.
9,5,Jakkuru,Yelanka,Vinayakanagara,Bagalur Main Raod,2004,Yes,Yes,No,Yes,No,Yes,No,No,-,Chandrakanthraju PA.
10,5,Jakkuru,Yelanka,Kogilu Layout,Kogilu Bande Raod,2004,Yes,Yes,No,Yes,No,Yes,No,No,Sri. Suryakanth,Chandrakanthraju PA.
11,7,Byatarayanapura,Yelanka,Near BBMP office,Byatarayanapura,2012,Yes,Yes,Yes,Yes,Yes,Yes,Yes,No,-,"AE Basavaraj
AEE, Rajinaikanth 
Malli"
12,7,Byatarayanapura,Yelanka,Near Hebbal Fly over,Hebbal,2012,Yes,Yes,Yes,Yes,Yes,Yes,Yes,No,-,"AE Basavaraj
AEE, Rajinaikanth 
Malli"
13,8,Kodigehalli,Yelanka,"Adjoining to Ranga 
mindra",Behind Damodhar Rd,2012,Yes,Yes,Yes,Yes,Yes,Yes,Yes,No,-,"AE Srinivas Murthy 
AEE, Rajinaikanth 
Malli"
14,9,Vidyaranyapura,Yelanka,"Near BMTC Bus stop 
Narasapura","Durga Temple Rd,",-,Yes,Yes,Yes,Yes,Yes,Yes,Yes,No,-,"Suresh 
Devathraj"
15,9,Vidyaranyapura,Yelanka,Thindul circle,Vidyaranyapura Main Rd,2015,Yes,Yes,Yes,Yes,Yes,Yes,Yes,No,-,"Suresh 
Devathraj"
16,9,Vidyaranyapura,Yelanka,Near Nanjappa Circle,Nanjappa Cirlce,2009,Yes,Yes,Yes,Yes,Yes,Yes,Yes,No,-,"Suresh 
Devathraj"
17,10,Dodda Bommasandra,Yelanka,"Doddabommasandra 
Main Road",Petrom bunk Opposite,2015,Yes,Yes,Yes,Yes,Yes,Yes,No,Yes,-,Madhava Rao
18,11,Kuvempu Nagar,Yelanka,M.S.Palaya circle,Yelanka Double road,-,Yes,Yes,Yes,Yes,Yes,Yes,Yes,No,-,Ranganath B.R
19,11,Kuvempu Nagar,Yelanka,Ramchandra Pura,Opposite to Kerosine Bunk,-,Yes,Yes,No,Yes,No,Yes,No,No,-,Ranganath B.R
20,14,Bagalakunte,Dasarahalli,"Manjunath Nagar 
video park Rd, labour 
colony mandali 
compound",video Park Rd,2010,Yes,Yes,Yes,Yes,Yes,Yes,No,Yes,Govt.,"AE Manjunath 
AEE Rangaswamy"
21,18,Radhakrishna Temple Ward,East,"1st Main Dollars 
Colony",-,-,Yes,Yes,Yes,Yes,Yes,Yes,-,-,BBMP,"MS Biradar AEE      
D Harish Kumar AE"
22,18,Radhakrishna Temple Ward,East,"Sanjanagara Main 
Road",-,-,Yes,Yes,Yes,Yes,Yes,Yes,-,-,BBMP,"MS Biradar AEE      
D Harish Kumar AE"
23,18,Radhakrishna Temple Ward,East,"Nagesh shetty Bus 
stop",-,-,Yes,Yes,Yes,Yes,Yes,Yes,-,-,BBMP,"MS Biradar AEE      
D Harish Kumar AE"
24,18,Radhakrishna Temple Ward,East,Bull ward Park,-,-,Yes,Yes,Yes,Yes,Yes,Yes,-,-,BBMP,"MS Biradar AEE      
D Harish Kumar AE"
25,19,Sanjaya Nagar,East,"Sanjanagara Main 
Road",-,2012,No,No,Yes,Yes,Yes,Yes,-,-,Laxmama,"Bearadhara AEE      
Shankar Bharathi AE"
26,19,Sanjaya Nagar,East,"Sanjanagara Main 
Road",1st main,-,Yes,Yes,Yes,Yes,Yes,Yes,Yes,Yes,BBMP,"Bearadhara AEE      
Shankar Bharathi AE"
27,20,Ganga Nagar,East,5th Main Road,-,1997,Yes,Yes,Yes,Yes,Yes,No,-,-,BBMP,"An Jayanaka AE
Beradar AEE"
28,20,Ganga Nagar,East,HMT Play Ground,-,2015,Yes,Yes,Yes,Yes,Yes,Yes,-,-,-,"An Jayanaka AE
Beradar AEE"
29,21,Hebbala,East,"Ballary Main Road 
near Bablist Hospital",-,-,Yes,No,Yes,No,Yes,Yes,-,-,-,"Biradar AEE         
Natraju AE"
30,21,Hebbala,East,"Near Police station 
Bellary main Road",-,-,Yes,No,Yes,Yes,Yes,Yes,-,-,Nagaraju,"Biradar AEE         
Natraju AE"
31,21,Hebbala,East,"Near Hebbal Bus 
stopnn bellary main 
road",-,-,Yes,No,Yes,Yes,Yes,Yes,-,-,Gajandra,"Biradar AEE         
Natraju AE"
32,23,Nagavara,East,Chuna Lane-2,"1st cross Muniswami 
Layout",2005,Yes,Yes,No,No,Yes,Yes,No,No,BBMP,"SL Ashwanth &       
K Anand"
33,23,Nagavara,East,"Saith Lane 
Hidyathnagar",Saith Lane,2005,Yes,Yes,No,No,Yes,Yes,No,No,BBMP,"SL Ashwanth &       
K Anand"
34,23,Nagavara,East,Basavalingappa Nagar,"Opp Angana Vadi Kendra 
(Gas Company)",2000,Yes,Yes,No,No,Yes,No,No,No,BBMP,"SL Ashwanth &       
K Anand"
35,23,Nagavara,East,"Chuna Lane-1 3rd 
cross","Muniswami Layout, nextto
railway track",2011,Yes,Yes,No,No,Yes,Yes,No,No,BBMP,"SL Ashwanth &       
K Anand"
36,24,HBR Layout,East,Nagavara,"Nagaravara Main Road 
ORR junction",2005,Yes,Yes,Yes,Yes,Yes,Yes,No,No,Galagali,"BN Ramakrishnaiah AE
K Ananda AEE"
37,24,HBR Layout,East,Hennur Bande,"Hennur Main Raod Near 
Bande",2005,Yes,Yes,No,No,n,Yes,No,No,BBMP,"BN Ramakrishnaiah AE
K Ananda AEE"
38,24,HBR Layout,East,Peepai shop,Peepai shop slum,2005,Yes,Yes,Yes,Yes,Yes,No,No,No,BBMP,"BN Ramakrishnaiah AE
K Ananda AEE"
39,24,HBR Layout,East,Kamaraju Nagar,Kamaraju Nagar slum,2005,Yes,Yes,Yes,No,Yes,Yes,No,No,BBMP,"BN Ramakrishnaiah AE
K Ananda AEE"
40,29,Kacharkanahalli,East,"Kamanahalli Main 
Road nearch church",Kamanahalli Main Road,-,Yes,Yes,Yes,Yes,Yes,Yes,Yes,No,-,Vinay K AE
41,30,Kadugondanahalli,East,Kadugondanahalli,"Pillan Garden EWIS 
Quarters",2002-03,Yes,Yes,Yes,Yes,Yes,Yes,Yes,Yes,Slum Board,"Srikanth K AE       
Ananda AEE"
42,31,Kushal Nagar,East,Periyar circel Skin shp,Shampur MR,2001-03,Yes,Yes,Yes,Yes,Yes,Yes,No,Yes,"Jana kalayana 
Foundation","Imran PA AE
Neela Kantaiah AEE"
43,31,Kushal Nagar,East,Near Priya Bar,"30th Cross old Bagalura 
L/O",-,Yes,Yes,No,Yes,Yes,Yes,No,Yes,"Jana kalayana 
Foundation","Imran PA AE
Neela Kantaiah AEE"
44,34,Gangenahalli,East,Gangenahalli,"Gangenahalli RT Nagar 
opp santisagar",-,Yes,Yes,Yes,Yes,Yes,Yes,-,-,-,Bhoomesha S
45,35,Aramane Nagara,West,"Infrount of CET Cell 
18thCross",Sampige Road,-,Yes,Yes,Yes,Yes,Yes,No,Yes,No,Venkatesh,"GL Keshamurthy AE
C Pushothama AEE"
46,35,Aramane Nagara,West,"18th cross Boys 
College compound",Margosa Road,2010-11,Yes,Yes,No,Yes,Yes,Yes,No,Yes,Ranganna,"GL Keshamurthy AE
C Pushothama AEE"
47,35,Aramane Nagara,West,"Sankey Tank 
(Mallewaram)",Sankey Tank,-,Yes,Yes,Yes,Yes,n,Yes,Yes,Yes,Horticulture Dept,"GL Keshamurthy AE
C Pushothama AEE"
48,35,Aramane Nagara,West,AT Sadashivanagar,Countor Road 3rd cross,-,Yes,Yes,Yes,Yes,Yes,Yes,Yes,Yes,Horticulture Dept,"GL Keshamurthy AE
C Pushothama AEE"
49,35,Aramane Nagara,West,"Low Level Park 3rd 
Main Sadishivanaagr",Court Road,-,Yes,Yes,Yes,Yes,Yes,No,No,Yes,Horticulture Dept,"GL Keshamurthy AE
C Pushothama AEE"
50,35,Aramane Nagara,West,Ramaiah College Gate,New BEL Road,-,Yes,Yes,Yes,Yes,Yes,No,No,Yes,Nitish,"GL Keshamurthy AE
C Pushothama AEE"
51,35,Aramane Nagara,West,"Chikkamarana Halli 
bus stop",New BEL Road,-,Yes,Yes,Yes,Yes,Yes,No,No,No,Nitish,"GL Keshamurthy AE
C Pushothama AEE"
52,36,Mattikere,"est
s",-,2nd Cross,-,Yes,Yes,No,No,Yes,Yes,No,No,-,"DS Daveraj AEE
MK Harish AE"
53,36,Mattikere,West,-,2nd Cross,-,Yes,Yes,Yes,Yes,Yes,Yes,Yes,No,Murthi,"DS Daveraj AEE
MK Harish AE"
54,36,Mattikere,West,-,HMT MR,-,Yes,Yes,Yes,Yes,Yes,Yes,No,Yes,SontoshMishra,"DS Daveraj AEE
MK Harish AE"
55,36,Mattikere,West,-,Jayram Sari Road,-,Yes,Yes,Yes,Yes,Yes,Yes,No,Yes,SontoshMishra,"DS Daveraj AEE
MK Harish AE"
56,36,Mattikere,West,-,HMT MR,2013,Yes,Yes,No,Yes,Yes,Yes,No,Yes,Ramyya,"DS Daveraj AEE
MK Harish AE"
57,36,Mattikere,West,-,7th Main Rd Mathikare,-,Yes,Yes,No,No,Yes,Yes,No,No,Nagayya,"DS Daveraj AEE
MK Harish AE"
58,37,Yeshwanthpura,R.R Nagar,"Near Yeshwanth pur 
Railway station SC Rd",Sc Road yeshwanthpur,2013,Yes,Yes,Yes,Yes,Yes,No,Yes,No,-,"Sri Nanjappa AEE
Sri. Chandar 
shekar.B.AE"
59,37,Yeshwanthpura,R.R Nagar,"Near Yeshwanth pur 
Railway station Bazar 
Rd",Bazar Rd,-,Yes,Yes,Yes,No,Yes,Yes,Yes,No,Sulabh,"Sri Nanjappa AEE
Sri. Chandar 
shekar.B.AE"
60,37,Yeshwanthpura,R.R Nagar,B K Nagar Slam,B.k Nagar slam,-,Yes,Yes,No,No,Yes,No,Yes,No,Sulabh,"Sri Nanjappa AEE
Sri. Chandar 
shekar.B.AE"
61,37,Yeshwanthpura,R.R Nagar,sunnadagoodu slum,sunnadagoodu slum,-,Yes,Yes,No,Yes,Yes,Yes,Yes,No,Sulabh,"Sri Nanjappa AEE
Sri. Chandar 
shekar.B.AE"
62,38,HMT Ward,R.R Nagar,Police Chowki,1st Main 1st Block,-,Yes,Yes,Yes,Yes,Yes,Yes,Yes,No,Nagaraj,Rudravadi AEE
63,38,HMT Ward,R.R Nagar,Thannirahalli,1st cross,-,Yes,Yes,Yes,Yes,Yes,Yes,Yes,No,-,Rudravadi AEE
64,38,HMT Ward,R.R Nagar,Ashraya Nagar,SRS Round,-,Yes,Yes,Yes,Yes,Yes,Yes,Yes,No,Lakshmamma,Rudravadi AEE
65,38,HMT Ward,R.R Nagar,Bariyal Ground,-,-,Yes,Yes,No,Yes,Yes,No,Yes,No,-,Rudravadi AEE
66,38,HMT Ward,R.R Nagar,Laggere Main Road,4th Cross,-,Yes,Yes,Yes,Yes,Yes,Yes,Yes,No,Nagaraj,Rudravadi AEE
67,39,Chokkasandra,Dasarahalli,Ajcent  NH4 8th mile,NHA Tumkar Rd,2012,Yes,Yes,Yes,Yes,Yes,Yes,No,No,Prompt Services,"Rudramani.R.T AE
Sri. Rangagaju AEE"
68,41,Peenya Industrial Area,Dasarahalli,"Near Peenay 2nd stage
Bus stop","Near Peenay 2nd stage Bus
stop",-,Yes,Yes,Yes,Yes,Yes,No,Yes,No,Ashwath Narayan,"Rudramani.R.T AE
Sri. Rangagaju AEE"
69,42,Lakshmi Devi Nagar,R.R Nagar,Sanjay Studio Rd,-,-,Yes,Yes,Yes,No,Yes,No,No,No,Slum Board,Rudrawada AEE
70,42,Lakshmi Devi Nagar,R.R Nagar,"Caveri Nagar  
Kuvempu Layout",I R polytechnic Rd,-,Yes,Yes,Yes,No,Yes,Yes,No,No,Slum Board,Rudrawada AEE
71,42,Lakshmi Devi Nagar,R.R Nagar,"Jai Bhir Vereesh wari 
Slam",-,-,Yes,Yes,Yes,Yes,Yes,Yes,No,Yes,Slum Board,Rudrawada AEE
72,46,Jayachamarajendra Nagar,East,Muni reddy palaya,-,2012,Yes,Yes,Yes,Yes,Yes,Yes,-,-,Venkata,-
73,46,Jayachamarajendra Nagar,East,"Muni reddy palaya 
main road",-,2012,Yes,No,Yes,Yes,Yes,Yes,-,-,Pinto,-
74,46,Jayachamarajendra Nagar,East,Pemme Gowda Rd,JC Main Rd,2009,Yes,No,Yes,Yes,Yes,Yes,Yes,No,Md Riyaz,"Panduranga B.V AEE
Md. Ali AE"
75,46,Jayachamarajendra Nagar,East,"Opp. 
Maheshwaramma 
Temple",JC Main Rd,2010,Yes,Yes,Yes,Yes,Yes,Yes,Yes,No,Pinto Kumar,"Panduranga B.V AEE
Md. Ali AE"
76,47,Devara Jeevanahalli,East,Thanagonalow Nagar,Cross Rd,2014,Yes,Yes,Yes,Yes,Yes,Yes,No,Yes,-,Kiran
77,48,Muneshwara Nagar,East,"BSA Road Near 
Football ground",BSA Ground,2000-01,Yes,Yes,Yes,Yes,Yes,Yes,Yes,No,"Vinayaka Rs 3 
/per Head","T Krishnamurthy AE   
HP Neelakantash AEE"
78,49,Lingarajapura,East,Jaksion Layout,-,2002,Yes,Yes,Yes,Yes,Yes,Yes,Yes,Yes,Sulabh,Asif Mohamed HB AE
79,49,Lingarajapura,East,"Jaksion Layout B 
Block",-,2000,Yes,Yes,Yes,Yes,Yes,Yes,Yes,Yes,Sulabh,Asif Mohamed HB AE
80,49,Lingarajapura,East,BDA Layout G Block,-,2013,Yes,Yes,Yes,Yes,Yes,Yes,Yes,Yes,Sulabh,Asif Mohamed HB AE
81,50,Benniganahalli,East,Ambedakar Nagar,1st cross 3rd main,-,Yes,Yes,No,No,No,No,No,No,-,"K.S.Vijaykaumar AE, 
R.Revindra Babu AEE"
82,52,K R Puram,Mahadevapura,Opp. Govt. Hospital,NH4 K.R.Pura,2010,Yes,Yes,Yes,Yes,Yes,Yes,Yes,No,"Surya 
international","Dinesh J. JE
Lingappa AEE"
83,53,Basavanapura,Mahadevapura,Priynaka Nagar,Priynaka Nagar,2005,Yes,Yes,Yes,Yes,Yes,Yes,Yes,Yes,Local,"Basavaraj. JE
Lingappa AEE"
84,54,Hudi,Mahadevapura,54,Hoody Circle,-,Yes,Yes,Yes,-,-,Yes,-,-,-,"Markandeya, AE
D.M.Munireddy,AEE"
85,55,Devasandra,Mahadevapura,"Devasandra MR Near 
Burrial ground",Devasandra Mr,2010,Yes,Yes,Yes,Yes,No,Yes,No,No,PKS,"Krishan Reddy AE
Lingappa AEE"
86,55,Devasandra,Mahadevapura,"Santha maidana K.R 
Pura Market Easteran 
Side",K.R Pura Markert,2007,Yes,Yes,Yes,Yes,No,Yes,Yes,No,Thriputhi,"Krishan Reddy AE
Lingappa AEE"
88,56,A Narayanapura,Mahadevapura,"1st Main Bazar street 
udaya nagar",-,2010,Yes,Yes,Yes,Yes,Yes,No,No,Yes,Thriputhi,"Sri Appu Raju JE
Sri Bhagyamma AEE"
89,56,A Narayanapura,Mahadevapura,"Tin factory  Busstop 
udayanagar",-,2013,Yes,Yes,Yes,Yes,Yes,Yes,No,No,"The promod 
services","Sri Appu Raju JE
Sri Bhagyamma AEE"
90,56,A Narayanapura,Mahadevapura,"Tin factory  Busstop 
Muthamanamma 
temple",-,2015,Yes,Yes,Yes,Yes,Yes,Yes,No,No,"The promod 
services","Sri Appu Raju JE
Sri Bhagyamma AEE"
91,58,New Tippasandara,East,Vishweshwaraiah Park,"4th Main, 6th Cross, HAL 
3rd stage",2001,Yes,Yes,Yes,Yes,Yes,Yes,Yes,No,Visal Enterprice,"A Raveendrababu AEE 
G Raveendranath AE"
92,59,Maruthi Seva Nagar,East,-,Lazar Rd,2003,Yes,Yes,No,Yes,Yes,Yes,Yes,No,-,-
93,59,Maruthi Seva Nagar,East,-,Lazar Rd,1980,Yes,Yes,No,No,Yes,Yes,No,No,-,-
94,59,Maruthi Seva Nagar,East,-,Lazar Rd,19830,Yes,Yes,No,Yes,Yes,Yes,Yes,No,-,-
95,59,Maruthi Seva Nagar,East,-,Jeevanahalli,1995,Yes,Yes,Yes,No,Yes,Yes,Yes,No,Nirmal Bangalore,-
96,59,Maruthi Seva Nagar,East,"Krishnappa Lane 1st 
cross",-,1980,Yes,Yes,No,No,Yes,No,No,Yes,-,-
97,59,Maruthi Seva Nagar,East,Muttappa Garden,-,1995,Yes,Yes,Yes,Yes,Yes,Yes,Yes,No,Sulabh,-
98,59,Maruthi Seva Nagar,East,Sathyanagar,-,1990,Yes,Yes,No,Yes,Yes,Yes,No,Yes,-,-
99,61,S K Garden,East,"DJ Halli MR (Opp 
police station)",DJ Halli MR,2001,Yes,Yes,Yes,Yes,Yes,Yes,Yes,No,Suresh Kumar,"Shivalingha Gowda 
AEE
Tippaswamy AE"
100,61,S K Garden,East,Corporation colony,2nd Cross papenna garden,-,Yes,Yes,Yes,Yes,Yes,Yes,Yes,No,-,"Shivalingha Gowda 
AEE
Tippaswamy AE"
101,62,Ramaswamy Palya,East,MRS Palya,"Chinnappa Garden Link 
Rd",-,Yes,Yes,No,No,Yes,-,Yes,No,-,"M O Sharif AEE
Narish Kumar K AE"
102,62,Ramaswamy Palya,East,Bangalore 1,"Chinnappa Garden Link 
Rd",-,Yes,Yes,No,No,Yes,-,Yes,No,-,"M O Sharif AEE
Narish Kumar K AE"
103,62,Ramaswamy Palya,East,AK colony Main Rd,AK colony Main Rd,-,Yes,Yes,Yes,Yes,Yes,-,Yes,No,-,"M O Sharif AEE
Narish Kumar K AE"
104,62,Ramaswamy Palya,East,R K block,Marappa Thota 1st cross,-,Yes,No,No,No,Yes,-,Yes,No,-,"M O Sharif AEE
Narish Kumar K AE"
105,63,Jayamahal,East,Raju Colony,Queen Road,-,Yes,Yes,No,Yes,Yes,No,Yes,No,-,"Pujarappa AE
OH Shariff AEE"
106,63,Jayamahal,East,Raju Colony,Queen Road,-,Yes,Yes,No,Yes,Yes,No,Yes,No,-,"Pujarappa AE
OH Shariff AEE"
107,63,Jayamahal,East,Raju Colony,"Raju Gandhi colony 
Middel Rama Temple",-,Yes,Yes,"Y s
a",Yes,Yes,No,Yes,No,-,"Pujarappa AE
OH Shariff AEE"
108,63,Jayamahal,East,Cot shelter colony,Cot shelter colony,-,Yes,Yes,Yes,Yes,Yes,No,Yes,No,-,"Pujarappa AE
OH Shariff AEE"
109,63,Jayamahal,East,KM,Boar Colony,-,Yes,Yes,Yes,Yes,Yes,Yes,Yes,No,-,"Pujarappa AE
OH Shariff AEE"
110,63,Jayamahal,East,Bani Boorbaizar rd,Bamboo Bazar,-,Yes,Yes,Yes,Yes,Yes,Yes,Yes,No,-,"Pujarappa AE
OH Shariff AEE"
111,64,Rajamahal Guttahalli,West,"near mahaveer 
medicals",11th cross malleshwaram,2004,Yes,Yes,Yes,Yes,Yes,Yes,Yes,Yes,Sulabh,"K Jayashankar JE
RS paramesh AEE"
112,64,Rajamahal Guttahalli,West,Dattatreya temple,4th cross SIP Ext,2015,Yes,Yes,Yes,Yes,Yes,Yes,No,No,"swachha city 
foundation","K Jayashankar JE
RS paramesh AEE"
113,64,Rajamahal Guttahalli,West,Near cavary theatre,bellarey road,2015,Yes,Yes,Yes,Yes,Yes,Yes,No,No,"swachha city 
foundation","K Jayashankar JE
RS paramesh AEE"
114,64,Rajamahal Guttahalli,West,bbmp Park,1st vyalikaval ground,2015,Yes,Yes,Yes,Yes,Yes,Yes,No,No,"swachha city 
foundation","K Jayashankar JE
RS paramesh AEE"
115,64,Rajamahal Guttahalli,West,near vasavi hospital,pg halli mr,2015,Yes,Yes,Yes,Yes,Yes,Yes,No,No,Hongirana trust,"K Jayashankar JE
RS paramesh AEE"
116,65,Kadu Malleshwar Ward,West,malleshwaram ground,5th cross,2003,Yes,Yes,Yes,Yes,Yes,Yes,Yes,No,vekatesh,"Sushma AE
AM Raju AEE"
117,65,Kadu Malleshwar Ward,West,"11th main manipal 
hospital",11th main manipal hospital,2009,Yes,Yes,Yes,Yes,Yes,Yes,Yes,No,nithish kumar,"Sushma AE
AM Raju AEE"
118,65,Kadu Malleshwar Ward,West,8th cross,janatha hotel,2005,Yes,Yes,Yes,Yes,Yes,Yes,Yes,No,Madhan,"Sushma AE
AM Raju AEE"
119,66,Subramanya Nagar,West,"Sango to Rajane Park 
S Nagar",-,2010,Yes,Yes,Yes,Yes,Yes,Yes,Yes,Yes,HS natraj,"Narashimaiha AE 
Nagaraju AEE"
121,67,Nagapura,West,DR Raj Kumar Rd,Thirumalla Compound,-,Yes,Yes,Yes,Yes,Yes,Yes,No,No,Devaraju,-
122,67,Nagapura,West,Udaya Kumar Park,-,-,Yes,Yes,Yes,Yes,Yes,Yes,No,Yes,Nitesh Kumar,-
123,67,Nagapura,West,RRI 1st block,20th Main,-,Yes,Yes,Yes,Yes,Yes,Yes,Yes,Yes,Devaraju,-
124,67,Nagapura,West,Kamalanagar,-,-,Yes,Yes,Yes,Yes,Yes,Yes,Yes,Yes,Nitesh Kumar,-
125,67,Nagapura,West,"12th CR, MHL Lty",-,-,Yes,Yes,Yes,Yes,Yes,Yes,Yes,No,Nitesh Kumar,-
126,67,Nagapura,West,Sankupahalli,Park,-,Yes,Yes,Yes,Yes,Yes,Yes,Yes,No,Mailalaxi,-
127,67,Nagapura,West,5th Main Road,2nd stage W/C Rd,2012,Yes,Yes,Yes,Yes,Yes,Yes,Yes,No,Nitesh Kumar,-
128,67,Nagapura,West,2th Main Road,W/C Rd,-,No,Yes,Yes,Yes,Yes,Yes,No,Yes,Nitesh Kumar,-
129,67,Nagapura,West,2th Main Road,12th Cross MLP Park,-,Yes,Yes,Yes,Yes,Yes,Yes,No,Yes,ramadas,-
130,67,Nagapura,West,Mahadevi theator back,-,-,Yes,Yes,Yes,Yes,Yes,Yes,No,Yes,Venkatesh,-
131,67,Nagapura,West,Rajpura stadium 6th,-,-,Yes,Yes,Yes,Yes,Yes,Yes,No,Yes,Nitesh Kumar,-
132,68,Mahalakshimpuram,West,Sreenivasa Tample,-,2010,Yes,Yes,Yes,Yes,Yes,Yes,Yes,Yes,-,Ramachandra AE
133,68,Mahalakshimpuram,West,Mahalakshimi Layout,-,2015,Yes,Yes,Yes,Yes,Yes,Yes,Yes,No,Nirmala,Ramachandra AE
134,71,Hegganahalli,Dasarahalli,Sunkadakatta Park,Hegganahalli MR,-,Yes,Yes,Yes,Yes,Yes,Yes,No,No,"Manojkumar 
Singh","M.Nagaraju AE
K.V. Ravi shankar AEE"
135,75,Shankar Matt,West,Kubasahalli bus stop,-,-,Yes,Yes,Yes,Yes,Yes,Yes,No,No,Chalukaya,-
136,75,Shankar Matt,West,Kempeched park,-,-,Yes,Yes,Yes,Yes,Yes,Yes,No,Yes,Ravi Prakesh,-
137,76,Gayithri Nagar,West,-,-,-,Yes,Yes,Yes,Yes,Yes,Yes,Yes,No,"M/S Ashta 
Foundation","HR Giridhar JE
Raja AEE"
138,76,Gayithri Nagar,West,-,-,-,Yes,Yes,Yes,Yes,Yes,Yes,Yes,No,"M/S Ashta 
Foundation","HR Giridhar JE
Raja AEE"
139,76,Gayithri Nagar,West,-,-,-,Yes,Yes,Yes,Yes,Yes,Yes,Yes,No,-,"HR Giridhar JE
Raja AEE"
140,76,Gayithri Nagar,West,-,-,-,Yes,Yes,Yes,Yes,Yes,Yes,Yes,No,Nirmal Bangalore,"HR Giridhar JE
Raja AEE"
141,77,Dattatreya Temple,West,Dattatreya Temple,"9th Cross,5th cross",-,Yes,Yes,Yes,Yes,Yes,Yes,-,-,-,Dhamraj AE
142,77,Dattatreya Temple,West,Dattatreya Temple,Kurumriyamma Temple,-,Yes,Yes,Yes,Yes,Yes,Yes,-,-,-,Dhamraj AE
143,77,Dattatreya Temple,West,Dattatreya Temple,2nd MR,-,Yes,Yes,Yes,Yes,Yes,Yes,-,-,-,Dhamraj AE
144,77,Dattatreya Temple,West,Dattatreya Temple,Shashadripuram,-,Yes,Yes,Yes,Yes,Yes,Yes,-,-,-,Dhamraj AE
145,77,Dattatreya Temple,West,Dattatreya Temple,Anjanayya Block,-,Yes,Yes,Yes,Yes,Yes,Yes,-,-,-,Dhamraj AE
146,77,Dattatreya Temple,West,Dattatreya Temple,Vivekanda Block,-,Yes,Yes,Yes,Yes,Yes,Yes,-,-,Dhanajaya,Dhamraj AE
147,77,Dattatreya Temple,West,Dattatreya Temple,Kasuri Bhannagar,-,Yes,Yes,Yes,Yes,Yes,Yes,-,-,Dhanajaya,Dhamraj AE
148,79,Sarvagna Nagar,East,Andra Colony,Old madras Rd,-,Yes,Yes,,,,,,,BBMP,"AE-Prasanna V AEE-
Ravindra Babu"
149,79,Sarvagna Nagar,East,Kadirayyana palya,Main rd Dead end,-,Yes,Yes,,,,,,,BBMP,"AE-Prasanna V AEE-
Ravindra Babu"
150,79,Sarvagna Nagar,East,Kadirayyana palya,Main Rd left end,-,Yes,Yes,,,,,,,BBMP,"AE-Prasanna V AEE-
Ravindra Babu"
151,79,Sarvagna Nagar,East,"New Biappanahalli 
Extn",Main Rd dead end Left,-,Yes,Yes,,,,,,,BBMP,"AE-Prasanna V AEE-
Ravindra Babu"
152,79,Sarvagna Nagar,East,"New Biappanahalli 
Extn",Indra Harizana seva sangha,-,Yes,Yes,,,,,,,Sulabh,"AE-Prasanna V AEE-
Ravindra Babu"
153,79,Sarvagna Nagar,East,PKS Naidu road,N C colony,-,Yes,Yes,,,,,,,BBMP,"AE-Prasanna V AEE-
Ravindra Babu"
154,79,Sarvagna Nagar,East,Kalahalli,4th cross Near BBMP Park,-,Yes,Yes,,,,,,,BBMP,"AE-Prasanna V AEE-
Ravindra Babu"
155,80,Hoysala Nagar,East,"BDA Complex Indra 
Nagar","Service RD Near Double 
Rd",2005-06,Yes,Yes,Yes,Yes,Yes,Yes,Yes,No,Sri Harikrishna,
156,80,Hoysala Nagar,East,Thamarikanna Rd,Swami vivekananda  Rd,2005-06,Yes,Yes,Yes,Yes,Yes,Yes,Yes,No,"Hype intergrated 
communication 
PVt","AEE-Vijay Kumar    
AE Umesh MS"
157,80,Hoysala Nagar,East,Murphy Town,Ananth nayar Rd,2005-06,Yes,Yes,Yes,Yes,Yes,Yes,Yes,No,-,
158,80,Hoysala Nagar,East,"New Binnamagala 
Slum","Hutting colony indra nagar 
1stage",-,Yes,Yes,Yes,Yes,Yes,Yes,Yes,Yes,-,
159,81,Vijnana Nagar,Mahadevapura,"Basavana nagar Bus 
stop",Basavana nagar Mr,2010,Yes,Yes,Yes,Yes,Yes,Yes,Yes,No,Pay & use,"Manjunath AE
bhagya AEE"
160,82,Garudachar Playa,Mahadevapura,82,"Kaverinagara Ist main 
Pillareddy road",-,Yes,Yes,Yes,-,-,-,-,-,BBMP,"Prasad, AE
D.M.Munireddy,AEE"
162,82,Garudachar Playa,Mahadevapura,82,"Kaverinagara Anjaneya 
Temple road",-,Yes,Yes,Yes,-,-,-,-,-,BBMP,"Prasad, AE
D.M.Munireddy,AEE"
163,83,Kadugodi,Mahadevapura,-,"Hope Farm - Kadugudi 
Main Road",2010,Yes,Yes,Yes,y Tank,-,Yes,-,-,"M/s Swacha City 
Foundation","Sri. K.N. Ramakrishna 
Reddy, AE
Sri. D K Madhu 
Sudhan, AEE"
164,83,Kadugodi,Mahadevapura,-,"Channasandra Circle
FCI Godown road - 
Kadugudi",2015,Yes,Yes,Yes,Yes,No,Yes,-,-,"M/s Southern 
Foundation
Urinals - 2/-
Toilet - Rs.5/-","Sri. K.N. Ramakrishna 
Reddy, AE
Sri. D K Madhu 
Sudhan, AEE"
165,85,Dodda Nekkundi,Mahadevapura,85,"HAL-Doddanekundhi 
Main road Near ISRO 
Circle",2015,Yes,Yes,Yes,Yes,Yes,Yes,Yes,-,-,"Ramesh, AE
D.M.Munireddy,AEE"
166,87,HAL Airport,Mahadevapura,NELL URPU RAM,Nellur pura Mr,2003,Yes,Yes,Yes,Yes,Yes,Yes,Yes,No,-,"Narayanaswamy AE
M.S Bhagyamma AEE"
167,87,HAL Airport,Mahadevapura,Amdekar nagar,"Angavwadi  School 
Behind d
a",2005,Yes,Yes,Yes,Yes,Yes,Yes,Yes,No,-,"Narayanaswamy AE
M.S Bhagyamma AEE"
168,88,Jeevanbhima Nagar,East,"Jeevanbhimanaga 
Main Road",HAL 2nd stage,2005-06,Yes,Yes,Yes,Yes,Yes,Yes,Yes,No,Ashok,"AEE-Vijay Kumar    
AE Kalleshappa HB"
169,91,Bharathi Nagar,East,Russel Market,Rueesl market Cross Rd,-,Yes,Yes,Yes,Yes,Yes,Yes,Yes,No,BBMP,"Venkatesh Mruthy / 
Shivaram S Gaonker"
170,91,Bharathi Nagar,East,Dry fish Market,Jumma Masjid Rd cross,-,Yes,Yes,No,No,No,No,No,No,BBMP,"Venkatesh Mruthy / 
Shivaram S Gaonker"
171,91,Bharathi Nagar,East,"Bharathi nagar A 1st 
street",Thimmaiah Rd,2010,Yes,Yes,Yes,Yes,Yes,Yes,Yes,No,BBMP,"Venkatesh Mruthy / 
Shivaram S Gaonker"
172,91,Bharathi Nagar,East,"Bharathi nagar a 'E' 1st
street",Thimmaiah Rd,-,Yes,Yes,No,Yes,No,Yes,Yes,No,BBMP,"Venkatesh Mruthy / 
Shivaram S Gaonker"
173,91,Bharathi Nagar,East,"Bharathi nagar a P.No.
3rd Street",Makan Rd,1999,Yes,Yes,Yes,Yes,Yes,Yes,Yes,No,BBMP,"Venkatesh Mruthy / 
Shivaram S Gaonker"
174,91,Bharathi Nagar,East,Military compound,Kamaraj Rd,-,Yes,No,No,No,No,No,No,No,BBMP,"Venkatesh Mruthy / 
Shivaram S Gaonker"
175,91,Bharathi Nagar,East,Near Bakery,Chandini Chowk Rd,-,Yes,No,No,No,No,No,No,No,BBMP,"Venkatesh Mruthy / 
Shivaram S Gaonker"
176,92,Shivaji Nagar,East,Behind Beef market,Nala Road,2011,Yes,Yes,Yes,Yes,Yes,Yes,Yes,No,-,"AEE-Shivaram S 
Gowda AE Poojaeepa"
177,92,Shivaji Nagar,East,Poultry Market,Broad way road,-,Yes,No,No,No,No,Yes,No,No,-,"AEE-Shivaram S 
Gowda AE Poojaeepa"
178,93,Vasanth Nagar,East,Opp. Jain hospital,Millers Rd,-,Yes,Yes,Yes,Yes,Yes,Yes,No,Yes,-,"M.O. Sharif AEE
Murlidhar AE"
179,93,Vasanth Nagar,East,Shivananda circle,Hara krishna Rd,-,Yes,Yes,Yes,Yes,Yes,Yes,Yes,No,-,"M.O. Sharif AEE
Murlidhar AE"
180,93,Vasanth Nagar,East,Triangle Park,Race course Rd,-,Yes,Yes,Yes,Yes,Yes,Yes,Yes,No,-,"M.O. Sharif AEE
Murlidhar AE"
181,98,Prakash Nagar,West,"10th MR Dr Rajkumar
Rd",10th cross,2015,Yes,No,No,Yes,Yes,Yes,No,No,-,Sadadhiva
182,99,Rajaji Nagar,West,"P & T Rd 2nd block 
Rajajinagar",P & T Rd,-,Yes,Yes,Yes,Yes,Yes,Yes,No,Yes,Nithish,-
183,99,Rajaji Nagar,West,"12th main 2nd block 
Rajajinagar  RTO 
office front",12th mian,-,Yes,Yes,Yes,Yes,Yes,Yes,No,No,Raju,-
184,99,Rajaji Nagar,West,"12th main 2nd block 
Rajajinagar",12th mian,-,Yes,Yes,Yes,Yes,Yes,Yes,No,No,Narshima,-
185,99,Rajaji Nagar,West,"Thimmaih Rd 
Manjunath Nagar",Thimmaiah Rd,-,Yes,Yes,No,Yes,Yes,Yes,Yes,No,-,-
186,99,Rajaji Nagar,West,"Dr.Rajkumar Rd Opp. 
Navarang",Dr. Rajkumar Rd,-,Yes,Yes,Yes,Yes,Yes,Yes,No,No,Ramnath,-
187,99,Rajaji Nagar,West,"12th main 2nd block 
Rajajinagar udapi 
Hotel Front",12th main,2009,Yes,Yes,Yes,Yes,Yes,Yes,No,No,Rakesh kumar,-
189,99,Rajaji Nagar,West,"Basaveshwara colony 
Rajajinagar",28th cross,-,Yes,Yes,Yes,Yes,Yes,Yes,No,Yes,Nithish Tiwari,-
190,99,Rajaji Nagar,West,"17th main Rd ESI Bus 
stop 2nd block",17th main,-,Yes,Yes,Yes,No,Yes,Yes,No,Yes,Nithish,-
191,99,Rajaji Nagar,West,"3rd main Dalsisi 
Center 2nd block",3rd main,-,Yes,Yes,Yes,Yes,Yes,Yes,No,Yes,Rama mani,-
192,104,Govindaraja Nagar,West,SR,Magadi Main Road,1999,Yes,Yes,Yes,Yes,Yes,Yes,Yes,No,Narshimappa,"Nagaraj AE
HS Mahesh AEE"
193,104,Govindaraja Nagar,West,Govindraj nagar slum,25th cross,2001,Yes,Yes,Yes,Yes,Yes,Yes,Yes,No,Sanjeeva,"Nagaraj AE
HS Mahesh AEE"
194,104,Govindaraja Nagar,West,"Near Vijay Nagar 
BUS stop",SR opp to CPWDquaters,2000,Yes,Yes,Yes,Yes,Yes,Yes,Yes,No,Umadevi,"Nagaraj AE
HS Mahesh AEE"
195,104,Govindaraja Nagar,West,"Near BGS Play 
Ground",8th cross MRCR layout,2014,Yes,Yes,Yes,Yes,Yes,Yes,No,Yes,Hemanth,"Nagaraj AE
HS Mahesh AEE"
196,110,Sampangiram Nagar,East,Shivajinagara,Park Road,-,Yes,Yes,No,Yes,Yes,-,Yes,No,-,-
197,110,Sampangiram Nagar,East,Commercial Street,Defence Rd,-,Yes,Yes,No,Yes,Yes,-,Yes,Yes,-,-
198,110,Sampangiram Nagar,East,SR Nagar,1st main 8th cross,-,No,No,No,No,No,-,No,No,-,-
199,110,Sampangiram Nagar,East,SR Nagar,16th corss,-,No,No,No,No,No,-,No,No,-,-
200,110,Sampangiram Nagar,East,SR Nagar,4th MR,-,No,No,No,No,No,-,No,No,-,-
201,110,Sampangiram Nagar,East,SR Nagar,1st cross pallavi Thertor,-,Yes,Yes,No,Yes,Yes,-,Yes,No,-,-
202,110,Sampangiram Nagar,East,SR Nagar,Vasavi Temple,-,No,No,No,No,No,-,No,No,-,-
203,110,Sampangiram Nagar,East,SR Nagar,Devanaga Hotel Rd,-,Yes,No,No,Yes,Yes,-,Yes,No,-,-
204,110,Sampangiram Nagar,East,SR Nagar,Mission Rd,-,Yes,Yes,Yes,No,Yes,-,Yes,No,-,-
205,110,Sampangiram Nagar,East,Shivajinagara,Bustand,-,Yes,Yes,Yes,Yes,Yes,-,Yes,Yes,-,-
206,111,Shantala Nagar,East,Mayo hall court inside,-,-,Yes,No,Yes,Yes,Yes,No,-,-,-,"M.R Raghavendra AEE
D. Satish AE"
207,111,Shantala Nagar,East,"Mayo hall court 
outside",-,-,Yes,No,No,Yes,Yes,No,-,-,-,"M.R Raghavendra AEE
D. Satish AE"
208,111,Shantala Nagar,East,P.K quarters,-,-,No,No,No,Yes,Yes,No,-,-,-,"M.R Raghavendra AEE
D. Satish AE"
209,111,Shantala Nagar,East,nishan hotel,-,-,No,No,No,Yes,Yes,No,-,-,-,"M.R Raghavendra AEE
D. Satish AE"
210,111,Shantala Nagar,East,Cement Lane,-,-,Yes,No,Yes,Yes,Yes,No,-,-,-,"M.R Raghavendra AEE
D. Satish AE"
211,111,Shantala Nagar,East,museum Rd,-,-,Yes,No,Yes,Yes,Yes,No,-,-,-,"M.R Raghavendra AEE
D. Satish AE"
212,111,Shantala Nagar,East,st. marks Rd,-,-,Yes,No,Yes,Yes,Yes,No,-,-,-,"M.R Raghavendra AEE
D. Satish AE"
213,111,Shantala Nagar,East,"Bishop cotton girls 
school",-,-,Yes,No,No,Yes,Yes,No,-,-,-,"M.R Raghavendra AEE
D. Satish AE"
214,111,Shantala Nagar,East,Lang fort Rd,-,-,Yes,No,Yes,Yes,Yes,No,-,-,-,"M.R Raghavendra AEE
D. Satish AE"
215,112,Domlur,East,Domular service road,-,2011,Yes,No,No,Yes,Yes,Yes,Yes,No,Sulabh,AEE-MG Hegde
216,113,Konena Agrahara,East,"Opp. Rajeshwari 
Theatre",Old Air port Rd,2005/06,Yes,Yes,Yes,Yes,Yes,Yes,Yes,No,Shri. Pallappa,"Vijaykumar AEE
Kalleshappa AE"
217,113,Konena Agrahara,East,opp. Total Mall,BDA main Rd,2005/06,Yes,Yes,Yes,Yes,Yes,Yes,Yes,No,"Sri Mallappa, 
Handicape","Vijaykumar AEE
Kalleshappa AE"
218,114,Agaram,East,"Cement Lane  Astin  
town",-,2005,Yes,Yes,Yes,Yes,Yes,Yes,-,-,BBMP,M.G. Hedge
219,114,Agaram,East,"ORC cross Astin  town
Near Bus stand",-,2010,Yes,Yes,Yes,No,Yes,Yes,-,-,BBMP,M.G. Hedge
220,114,Agaram,East,"Jay raj nagar A street 
Astin  town",-,2012,Yes,Yes,No,No,Yes,Yes,-,-,BBMP,M.G. Hedge
221,114,Agaram,East,"Jay raj nagar A street 
Astin  town",-,2013,Yes,Yes,Yes,Yes,Yes,No,-,-,BBMP,M.G. Hedge
222,114,Agaram,East,"Jay raj nagar A street 
Astin  town",-,1975,Yes,Yes,No,No,No,No,-,-,BBMP,M.G. Hedge
223,114,Agaram,East,"Jay raj nagar A street 
Astin  town",-,1975,Yes,Yes,No,No,No,No,-,-,BBMP,M.G. Hedge
224,114,Agaram,East,john Bull ukkadapalya,-,2005,Yes,Yes,Yes,Yes,Yes,No,-,-,BBMP,M.G. Hedge
226,114,Agaram,East,"maya bazar nanjappa 
garden",-,1995,Yes,Yes,No,No,Yes,No,-,-,BBMP,M.G. Hedge
227,114,Agaram,East,"vannar per main rd 
lowar agram rd",-,1990,Yes,Yes,No,No,No,No,-,-,BBMP,M.G. Hedge
228,114,Agaram,East,"goutham pur shiva 
temple Rd",-,1995,Yes,Yes,No,Yes,Yes,No,-,-,BBMP,M.G. Hedge
229,114,Agaram,East,"goutham pur 4th cross 
Nagamma block",-,1990,Yes,Yes,No,No,No,No,-,-,BBMP,M.G. Hedge
230,114,Agaram,East,"goutham pur 1st main 
2nd stage 515 works",-,1990,Yes,Yes,No,No,No,No,-,-,BBMP,M.G. Hedge
231,115,Vannarpet,East,North Street,-,1995,Yes,Yes,No,No,No,No,-,-,BBMP,M.G. Hedge
232,115,Vannarpet,East,sonneehahalli,-,1995,Yes,Yes,Yes,Yes,Yes,Yes,-,-,BBMP,M.G. Hedge
233,115,Vannarpet,East,Andra Colony,-,1995,Yes,Yes,Yes,Yes,Yes,Yes,-,-,BBMP,M.G. Hedge
234,115,Vannarpet,East,Ayyappa temple,-,1995,Yes,Yes,No,No,No,No,-,-,BBMP,M.G. Hedge
235,115,Vannarpet,East,"Vivek nagar further 
Extn.",-,1995,Yes,Yes,No,No,No,No,-,-,BBMP,M.G. Hedge
236,116,Nilasandra,East,L.R Nagar 1 st main,-,1995,Yes,Yes,Yes,Yes,Yes,Yes,-,-,"Vishal 
International Asst.","B.V Panduranga AEE
D. Murthy AE"
237,116,Nilasandra,East,L.R Nagar 1 st main,-,2001,Yes,Yes,No,No,No,No,-,-,-,"B.V Panduranga AEE
D. Murthy AE"
238,116,Nilasandra,East,"80 feet Ambedkar 
Nagar",-,2000,Yes,Yes,No,No,No,No,-,-,-,"B.V Panduranga AEE
D. Murthy AE"
239,116,Nilasandra,East,"Near Dhoobi ghart 
Ambedkar nagar",-,2000,Yes,Yes,Yes,Yes,Yes,Yes,-,-,"Vishal 
International Asst.","B.V Panduranga AEE
D. Murthy AE"
240,116,Nilasandra,East,"1st main ambedkar 
nagar",-,2000,Yes,Yes,Yes,Yes,Yes,Yes,-,-,"Jana kalayana 
Foundation","B.V Panduranga AEE
D. Murthy AE"
241,117,Shanthi Nagar,East,B. Street P. K colony,-,2013,Yes,Yes,Yes,Yes,Yes,Yes,-,-,-,"M.Raghavendra AEE
G.L Someshwar Ae"
242,117,Shanthi Nagar,East,G street,-,2013,Yes,Yes,Yes,Yes,Yes,Yes,-,-,-,"M.Raghavendra AEE
G.L Someshwar Ae"
243,117,Shanthi Nagar,East,Food Garden Rd,-,-,Yes,Yes,No,No,No,No,-,-,-,"M.Raghavendra AEE
G.L Someshwar Ae"
244,117,Shanthi Nagar,East,"Near Akkithimanahalli
samudhyabhavan",-,-,Yes,Yes,Yes,Yes,Yes,Yes,-,-,Sulabh,"M.Raghavendra AEE
G.L Someshwar Ae"
245,117,Shanthi Nagar,East,J.K pura Masjid Rd,-,-,Yes,Yes,No,No,No,No,-,-,-,"M.Raghavendra AEE
G.L Someshwar Ae"
246,118,Sudham Nagara,South,K.S Garden,-,2003,Yes,Yes,Yes,Yes,Yes,Yes,-,-,Subramanni,M.A Krishnappa
247,118,Sudham Nagara,South,"C.k.C Garden,  Phinx 
hospital Road 1st cross",-,2011,Yes,Yes,Yes,Yes,Yes,Yes,-,-,Babu,M.A Krishnappa
248,118,Sudham Nagara,South,Subbaih Circle,-,2012,Yes,Yes,No,No,Yes,No,-,-,Asu,M.A Krishnappa
249,118,Sudham Nagara,South,poornima treater,-,2003,Yes,Yes,Yes,Yes,Yes,Yes,-,-,chandra,M.A Krishnappa
250,118,Sudham Nagara,South,"K.H Road, nala Rd",-,2003,Yes,Yes,No,No,No,No,-,-,-,M.A Krishnappa
251,118,Sudham Nagara,South,Ramana garden,-,2009,Yes,Yes,No,No,Yes,Yes,-,-,-,M.A Krishnappa
252,118,Sudham Nagara,South,Ramana garden,-,2003,Yes,Yes,Yes,Yes,Yes,No,-,-,Nirmal Bangalore,M.A Krishnappa
253,118,Sudham Nagara,South,Ramana garden,-,2003,Yes,Yes,Yes,Yes,Yes,Yes,-,-,-,M.A Krishnappa
254,118,Sudham Nagara,South,"Narayanaswamy 
garden",-,2011,Yes,Yes,Yes,Yes,Yes,No,-,-,-,M.A Krishnappa
255,118,Sudham Nagara,South,Desusa garden,-,1985,Yes,Yes,-,-,-,-,-,-,-,M.A Krishnappa
256,118,Sudham Nagara,South,Desusa garden,-,1985,Yes,Yes,-,-,-,-,-,-,-,M.A Krishnappa
257,118,Sudham Nagara,South,Sindhi colony,-,2011,Yes,Yes,Yes,Yes,Yes,Yes,-,-,Area,M.A Krishnappa
258,118,Sudham Nagara,South,Y.M School,-,2002,Yes,Yes,Yes,Yes,Yes,Yes,-,-,Sulabh,M.A Krishnappa
259,118,Sudham Nagara,South,Y.M School,-,1998,Yes,Yes,-,-,-,-,-,-,-,M.A Krishnappa
260,118,Sudham Nagara,South,Y.M School,-,2002,Yes,Yes,Yes,Yes,Yes,Yes,-,-,Sulabh,M.A Krishnappa
261,118,Sudham Nagara,South,Cements huts,-,2002,Yes,Yes,No,No,No,No,-,-,-,M.A Krishnappa
262,118,Sudham Nagara,South,Vinobha nagar,-,2000,Yes,Yes,Yes,Yes,Yes,Yes,-,-,Area,M.A Krishnappa
263,118,Sudham Nagara,South,"J.C Raod archana 
complex Opp.",-,2002,Yes,Yes,Yes,Yes,Yes,Yes,-,-,Vijay,M.A Krishnappa
264,118,Sudham Nagara,South,J.C office,-,2009,Yes,Yes,No,No,No,No,-,-,-,M.A Krishnappa
265,118,Sudham Nagara,South,"Rafeal hospital 
compound",-,2012,Yes,Yes,Yes,Yes,Yes,Yes,-,-,stalin,M.A Krishnappa
268,118,Sudham Nagara,South,papanna Garden,-,2000,Yes,No,Yes,Yes,Yes,Yes,-,-,Area,M.A Krishnappa
269,118,Sudham Nagara,South,Ramakka garden,-,2008,Yes,Yes,Yes,Yes,Yes,Yes,-,-,-,M.A Krishnappa
270,118,Sudham Nagara,South,Appaji Garden,-,2002,Yes,Yes,Yes,Yes,Yes,Yes,-,-,-,M.A Krishnappa
271,118,Sudham Nagara,South,thayappa Garden,-,2003,Yes,Yes,Yes,Yes,Yes,Yes,-,-,-,M.A Krishnappa
272,118,Sudham Nagara,South,Shambulinga Palya,-,2003,Yes,Yes,No,No,Yes,Yes,-,-,-,M.A Krishnappa
273,118,Sudham Nagara,South,Nageshwara Garden,-,1998,No,Yes,Yes,Yes,Yes,Yes,-,-,-,M.A Krishnappa
274,119,Dharmaraya Swamy Temple,South,"Kumbara gundi Extn. 
1st cross",-,1965,Yes,Yes,No,No,Yes,Yes,Yes,No,Local,"Hariprasad AE       
Mudhu R AEE"
275,119,Dharmaraya Swamy Temple,South,"Bamboo bazar 3rd 
cross",-,2005,Yes,Yes,Yes,PS,Yes,Yes,No,No,Local,"Hariprasad AE       
Mudhu R AEE"
276,119,Dharmaraya Swamy Temple,South,"Moti nagar 
kalasipalaya Extn 1st 
cross",-,2005,Yes,No,Yes,No,Yes,No,Yes,No,Local,"Hariprasad AE       
Mudhu R AEE"
277,119,Dharmaraya Swamy Temple,South,Bamboo bazar MR,-,2006,Yes,No,No,PS,No,Yes,No,No,Local,"Hariprasad AE       
Mudhu R AEE"
278,119,Dharmaraya Swamy Temple,South,Hayathkhan Street,-,1983,Yes,No,Yes,No,Yes,Yes,No,Yes,Local,"Hariprasad AE       
Mudhu R AEE"
279,119,Dharmaraya Swamy Temple,South,"Kalasipalaya New 
extn. Padmashale Rd 
2nd Main",-,2000,Yes,Yes,Yes,No,Yes,Yes,Yes,No,Sulabh,"Hariprasad AE       
Mudhu R AEE"
280,119,Dharmaraya Swamy Temple,South,"Kalasipalaya APMC 
premises",-,1985,Yes,No,Yes,No,Yes,Yes,No,Yes,Local,"Hariprasad AE       
Mudhu R AEE"
281,119,Dharmaraya Swamy Temple,South,"Kalasipalaya APMC 
New Extn premises",-,1976,Yes,Yes,Yes,No,Yes,Yes,No,Yes,Local,"Hariprasad AE       
Mudhu R AEE"
282,119,Dharmaraya Swamy Temple,South,Kalasipalaya MR,-,2003,Yes,Yes,Yes,No,Yes,Yes,No,Yes,Local,"Hariprasad AE       
Mudhu R AEE"
283,119,Dharmaraya Swamy Temple,South,"Kalasipalaya Bus 
stand B street",-,1998,Yes,Yes,Yes,PS,Yes,Yes,No,No,Local,"Hariprasad AE       
Mudhu R AEE"
284,119,Dharmaraya Swamy Temple,South,"Kalasipalaya Bus 
stand B street",-,1998,Yes,Yes,Yes,PS,Yes,Yes,No,No,Local,"Hariprasad AE       
Mudhu R AEE"
285,119,Dharmaraya Swamy Temple,South,"Kalasipalaya Bus 
stand F street",-,2007,Yes,No,Yes,No,Yes,Yes,Yes,No,Sulabh,"Hariprasad AE       
Mudhu R AEE"
286,119,Dharmaraya Swamy Temple,South,K.R Market fort Rd,-,2007,Yes,No,No,No,Yes,Yes,Yes,No,Local,"Hariprasad AE       
Mudhu R AEE"
287,119,Dharmaraya Swamy Temple,South,K.R Market Bus stop,-,2010,Yes,Yes,Yes,No,Yes,Yes,No,Yes,Local,"Hariprasad AE       
Mudhu R AEE"
288,119,Dharmaraya Swamy Temple,South,Old Kalasi Rd,-,1998,Yes,No,Yes,No,Yes,Yes,No,Yes,Local,"Hariprasad AE       
Mudhu R AEE"
289,119,Dharmaraya Swamy Temple,South,Cubbon pet 13th cross,-,2005,Yes,Yes,Yes,PS,Yes,Yes,No,No,Local,"Hariprasad AE       
Mudhu R AEE"
290,119,Dharmaraya Swamy Temple,South,"Cubbon pet / sunkal 
pet Market premises",-,2002,Yes,Yes,Yes,No,Yes,Yes,Yes,No,Local,"Hariprasad AE       
Mudhu R AEE"
291,119,Dharmaraya Swamy Temple,South,"OTC RD Pai vihar 
hotel",-,2010,Yes,Yes,No,No,Yes,Yes,No,No,Local,"Hariprasad AE       
Mudhu R AEE"
292,119,Dharmaraya Swamy Temple,South,N R Rd,-,2009,Yes,Yes,Yes,PS,Yes,Yes,No,No,Sulabh,"Hariprasad AE       
Mudhu R AEE"
293,119,Dharmaraya Swamy Temple,South,Sjp RD,-,2009,Yes,Yes,Yes,No,Yes,Yes,No,Yes,Local,"Hariprasad AE       
Mudhu R AEE"
294,119,Dharmaraya Swamy Temple,South,Sjp RD,-,2008,Yes,No,Yes,PS,Yes,Yes,No,No,Sulabh,"Hariprasad AE       
Mudhu R AEE"
295,119,Dharmaraya Swamy Temple,South,"pailwan Krishnappa 
Rd",-,2009,Yes,Yes,Yes,No,Yes,Yes,Yes,No,Sulabh,"Hariprasad AE       
Mudhu R AEE"
296,119,Dharmaraya Swamy Temple,South,PK RD,-,1945,Yes,No,No,No,Yes,Yes,No,No,Local,"Hariprasad AE       
Mudhu R AEE"
297,119,Dharmaraya Swamy Temple,South,AM RD,-,2004,Yes,Yes,Yes,No,Yes,Yes,Yes,No,Local,"Hariprasad AE       
Mudhu R AEE"
298,120,Cottonpete,West,Keshava nagar,1st cross Magadi rd,2005,Yes,Yes,Yes,Yes,No,Yes,Yes,No,Ramamurty,Muniyappa AE
299,120,Cottonpete,West,Ashwalin Nagar,1st cross Magadi rd,2005,Yes,No,No,Yes,Yes,No,Yes,No,Ramamurty,Muniyappa AE
300,120,Cottonpete,West,Ashwalin Nagar,Nurmal Toilet,2005,Yes,Yes,Yes,No,Yes,No,Yes,No,Venkatesh,Muniyappa AE
301,120,Cottonpete,West,Nagamma Nagara,-,2011,Yes,Yes,No,No,Yes,Yes,No,No,Ramamurty,Muniyappa AE
302,120,Cottonpete,West,Nagamma Nagara,1st cross,2010,Yes,Yes,No,No,No,No,No,No,Ramamurty,Muniyappa AE
305,120,Cottonpete,West,sulthan Pet near balagi,-,-,Yes,Yes,No,No,Yes,Yes,No,No,Firoj,Muniyappa AE
306,120,Cottonpete,West,sulthan Pet,-,-,Yes,Yes,Yes,No,Yes,Yes,No,No,Sulabh,Muniyappa AE
307,123,Vijayanagar,South,"Servicd Road Near, 
6th main",Service road,2004,Yes,Yes,Yes,Yes,Yes,Yes,Yes,No,Ramu,"Satish Kumar.B AE
 M. Rukkanna M.B 
AEE"
308,123,Vijayanagar,South,Prassanna Theater,Magadi Road,2004,Yes,Yes,Yes,Yes,Yes,Yes,Yes,No,Venkatesh,"Satish Kumar.B AE
 M. Rukkanna M.B 
AEE"
309,123,Vijayanagar,South,Pipiline Road,1St A Cross Manuvana,2010,Yes,Yes,Yes,Yes,Yes,Yes,Yes,No,Sanjay,"Satish Kumar.B AE
 M. Rukkanna M.B 
AEE"
310,125,Marenahalli,West,Kanakanagar,Kanakanagar,2002,Yes,Yes,Yes,Yes,Yes,Yes,Yes,No,Muniyamma,"Veeresh AE
Mahadesh AEE"
311,128,Nagarabhavi,West,"Arundhathi Nagar 
Slum",9th corss,2012-12,Yes,Yes,Yes,Yes,Yes,Yes,Yes,No,Vasanth Kumar,Taranath KB AE
312,129,Jnana Bharathi ward,R.R Nagar,Kengri signal,Nagarabhavi rd,2008,Yes,Yes,Yes,Yes,Yes,Yes,Yes,No,"Vishal 
International Asst.","R Nagaray JE 
KC Ashoakh AEE"
313,130,Ullalu,R.R Nagar,Govt Hospital Near,Auto Stand Road,2007,Yes,Yes,Yes,Yes,Yes,Yes,Yes,No,-,T.M.Shashi Kumar AE
314,131,Nayandahalli,West,"Nirmalsouchalaya 
Mysore road 
Nayyandanahalli",-,2005-06,Yes,Yes,Yes,Yes,Yes,Yes,No,Yes,Nirmal Bangalore,"BK Dineshkumar AEE 
S Sathish AE"
315,131,Nayandahalli,West,"Sulabh International 
Gangodanahalli 4th 
cross",-,2005-06,Yes,Yes,Yes,Yes,Yes,Yes,No,Yes,Sulabh,"BK Dineshkumar AEE 
S Sathish AE"
316,131,Nayandahalli,West,"Sulabh International 
Gangodanahalli 6th 
cross Near IPP 
Hospital",-,2005-06,Yes,Yes,Yes,Yes,Yes,Yes,No,Yes,Sulabh,"BK Dineshkumar AEE 
S Sathish AE"
317,132,Attiguppe,South,Bcc Layout Bus stand,Railway Parcel Rd,2008,Yes,Yes,No,Yes,Yes,-,Yes,No,"Maseravali 
Samajaseva","Sri. K. Jaganath AEE
Sri Girish AE"
318,132,Attiguppe,South,Gangodhalli school,Gangodhalli MR.,2002-03,Yes,Yes,Yes,Yes,Yes,-,No,Yes,KSSSO,"Sri. K. Jaganath AEE
Sri Girish AE"
319,132,Attiguppe,South,Inside Sky line apts.,Sky line oppt. Park,2008-09,Yes,Yes,Yes,Yes,Yes,-,No,Yes,-,"Sri. K. Jaganath AEE
Sri Girish AE"
320,133,Hampi Nagar,South,RPC Layout Chord Rd,4th cross,2007,Yes,Yes,Yes,Yes,Yes,Yes,Yes,Yes,-,"Sri. K. Jaganath AEE
Sri KrishnaMurthy AE"
321,133,Hampi Nagar,South,Near maruthi medicals,SR,2006,Yes,Yes,Yes,Yes,Yes,Yes,Yes,No,-,"Sri. K. Jaganath AEE
Sri KrishnaMurthy AE"
322,133,Hampi Nagar,South,"5th main 10th cross 
Near Burial Ground",Ramesh babu circle Rd,2009,Yes,Yes,Yes,Yes,Yes,Yes,Yes,Yes,-,"Sri. K. Jaganath AEE
Sri KrishnaMurthy AE"
323,133,Hampi Nagar,South,"4th cross Near Green 
house",RPC Layout Bus stand Rd,2008,Yes,Yes,Yes,Yes,Yes,Yes,Yes,Yes,-,"Sri. K. Jaganath AEE
Sri KrishnaMurthy AE"
324,133,Hampi Nagar,South,RPC Layout Bus stand,BTS Bus stand,2001,Yes,Yes,Yes,Yes,Yes,Yes,Yes,Yes,-,"Sri. K. Jaganath AEE
Sri KrishnaMurthy AE"
325,135,Padarayanapura,West,Hasanhalli MR,-,2014,Yes,Yes,Yes,Yes,Yes,Yes,-,-,BOT,"Sri Anjannapa AEE
Sri Pujari AE"
326,136,Jagajivanaramnagar,West,"Vinayaka Nagar Bus 
stand HBE MR",-,2000,Yes,Yes,Yes,Yes,Yes,Yes,-,-,-,"Sri Anjannapa AEE
Sri Nagaraj AE"
327,136,Jagajivanaramnagar,West,"opp Ele burnial, 2nd 
MR Mysore road",-,2000,Yes,Yes,Yes,No,No,No,-,-,-,"Sri Anjannapa AEE
Sri Nagaraj AE"
328,136,Jagajivanaramnagar,West,"Hasahalli MR 
Abmanau Thetor",-,2014,Yes,Yes,Yes,Yes,Yes,Yes,-,-,-,"Sri Anjannapa AEE
Sri Nagaraj AE"
329,136,Jagajivanaramnagar,West,"Samudaya toilet 
Muvina pura HBE MR",-,2000,Yes,Yes,Yes,Yes,Yes,Yes,-,-,-,"Sri Anjannapa AEE
Sri Nagaraj AE"
330,139,K R Market,West,SKR Market,Podium Block,-,Y,Y,Y,Y,Y,Y,Y,N,allotment through,Basavaraja C. Nagappa
331,139,K R Market,West,Infront of Mutton,Mutton Market,-,Y,Y,Y,Y,Y,Y,Y,N,Retired,Basavaraja C. Nagappa
332,139,K R Market,West,Grain Bazar Road,Grain Bazar Road,-,Y,Y,Y,Y,Y,Y,Y,N,Sulabh,Basavaraja C. Nagappa
333,139,K R Market,West,"Nirmala Shouchalaya,",Bandimot,-,Y,Y,Y,Y,Y,Y,Y,N,allotment through,Basavaraja C. Nagappa
334,139,K R Market,West,"Sulabh Shouchalaya,",Mysore Road,-,Y,Y,Y,Y,Y,Y,Y,N,Retired,Basavaraja C. Nagappa
335,139,K R Market,West,"Nirmala Shouchalaya,",Mysore Road,-,Y,Y,Y,Y,Y,Y,Y,N,Hype intergrated,Basavaraja C. Nagappa
336,139,K R Market,West,"Nirmala Shouchalaya,",K.R. Road,-,Y,Y,Y,Y,Y,Y,Y,N,Retired,Basavaraja C. Nagappa
339,139,K R Market,West,"Sulabh Shouchalaya,",Cartstand Road,-,Y,Y,Y,Y,Y,Y,Y,N,Sulabh,Basavaraja C. Nagappa
340,139,K R Market,West,"Sulabh Shouchalaya,",Bakshi Garden,-,Y,Y,Y,Y,Y,Y,Y,N,Sulabh,Basavaraja C. Nagappa
341,140,Chamrajapet,West,3rd Cross,Conservency,-,Y,N,Y,Y,Y,Y,Y,N,Retired,"P T Prasanna Kumar,"
342,140,Chamrajapet,West,7th Cross,5th Main,-,Y,N,N,N,Y,N,Y,N,Retired,"P T Prasanna Kumar,"
343,140,Chamrajapet,West,7th Cross,2nd Main,-,Y,Y,Y,Y,Y,Y,Y,N,Retired,"P T Prasanna Kumar,"
344,140,Chamrajapet,West,Sirsi Road,Sirsi Road,-,Y,Y,Y,Y,Y,Y,Y,N,Private NGO,"P T Prasanna Kumar,"
345,140,Chamrajapet,West,Venkatarama nagar,Slum,-,Y,Y,Y,Y,Y,Y,Y,Y,Local Slum,"P T Prasanna Kumar,"
346,140,Chamrajapet,West,2nd Main Road,Koti Park,2015,Y,Y,Y,Y,Y,Y,Y,Y,Retired,"P T Prasanna Kumar,"
347,140,Chamrajapet,West,PampaMahaKavi,Makkala Kuta,2014,Y,Y,Y,Y,Y,Y,Y,Y,Retired,"P T Prasanna Kumar,"
348,141,Azad Nagar,West,"Bande slum 
Kasturibanagar",Kasturibanagar,-,Yes,Yes,No,No,Yes,No,Yes,No,Local Slum,Narasimhaiah JE
349,141,Azad Nagar,West,"1st Cross 
Ashwathkatte MR",Ashwathkatte MR,-,Yes,Yes,No,No,Yes,Yes,Yes,No,Local Slum,Narasimhaiah JE
350,142,Sunkenahalli,South,"Behind ICE thundar 
Hotel",Dvg Rd,-,Yes,Yes,Yes,Yes,Yes,Yes,Yes,No,-,"N. Pradeep Kumar 
R Madhu"
351,142,Sunkenahalli,South,"Insde Kohinoor 
Ground",Hyvadanna Rd,-,Yes,Yes,Yes,Yes,Yes,Yes,Yes,No,-,"N. Pradeep Kumar 
R Madhu"
352,142,Sunkenahalli,South,"Inside National 
Ground",PMK Rd,2012,Yes,Yes,Yes,Yes,Yes,Yes,Yes,No,-,"N. Pradeep Kumar 
R Madhu"
353,142,Sunkenahalli,South,R K Mut,R K Mut Rd,2013,Yes,Yes,Yes,Yes,Yes,Yes,Yes,No,-,"N. Pradeep Kumar 
R Madhu"
354,142,Sunkenahalli,South,Near ashwat katte,K G Nagar,-,No,Yes,No,No,No,No,No,No,-,"N. Pradeep Kumar 
R Madhu"
355,142,Sunkenahalli,South,Beside post office,Mont joy Rd,-,Yes,Yes,Yes,Yes,Yes,Yes,Yes,No,-,"N. Pradeep Kumar 
R Madhu"
356,143,Vishveshwara Puram,South,Vasavi Temple,Vasavi Temple Rd,-,Yes,Yes,Yes,Yes,Yes,Yes,Yes,No,Shivakumar,-
357,143,Vishveshwara Puram,South,Near UMA Talkies,Bull Temple Rd,-,Yes,Yes,Yes,Yes,Yes,Yes,No,No,Chalaphati,-
358,143,Vishveshwara Puram,South,Near Ashoka Pillar,KK Palyas M Road,-,Yes,Yes,Yes,Yes,Yes,Yes,No,No,Muniyamma,-
359,143,Vishveshwara Puram,South,Lalbhagh Gate,RV Road,-,Yes,Yes,Yes,Yes,Yes,Yes,Yes,No,Srinivas,-
360,143,Vishveshwara Puram,South,KIMS Hospital,LBF Rd,2009-10,Yes,Yes,Yes,Yes,Yes,Yes,No,No,Pushpa,-
361,143,Vishveshwara Puram,South,Vano Vilas School,Minerva circle,2010-11,Yes,Yes,Yes,Yes,Yes,Yes,No,No,Subramanni,-
362,144,Siddapura,South,"Hobagowda Nagar 
Mariappan Rd",-,-,Yes,No,Yes,Yes,Yes,Yes,-,-,Rakesh,-
363,144,Siddapura,South,"Hobagowda Nagar 
Hosur Rd",-,-,No,Yes,Yes,Yes,Yes,Yes,-,-,Rakesh,-
364,144,Siddapura,South,"Hobagowda Nagar 
Malige Rd",-,-,Stoped,Stoped,No,No,No,No,-,-,-,-
365,144,Siddapura,South,"Venkatesh reddy 
Nagar 5th cross Rd",-,-,Yes,Yes,Yes,Yes,Yes,Yes,-,-,Uma Shankar,-
366,144,Siddapura,South,Dayananda  sons,-,-,Yes,Yes,Yes,Yes,Yes,Yes,-,-,-,-
367,144,Siddapura,South,Dayananda  sons,-,-,Yes,Yes,No,No,Yes,No,-,-,-,-
368,144,Siddapura,South,Dr. Ambedakar Nagar,-,2011-12,Yes,Yes,No,Yes,Yes,No,-,-,Muni raju,-
369,144,Siddapura,South,shankappa Garden,-,2010-11,Yes,Yes,Yes,Yes,Yes,Yes,-,-,-,-
370,144,Siddapura,South,shankappa Garden,-,-,Yes,Yes,No,No,Yes,No,-,-,-,-
371,144,Siddapura,South,murali sons,-,2010-11,Yes,Yes,Yes,Yes,Yes,No,-,-,-,-
372,145,Hombegowda Nagara,South,"4th cross wilson 
garden H siddih Rd",-,-,Yes,Yes,Yes,Yes,Yes,Yes,-,-,Nirmal Bangalore,
373,145,Hombegowda Nagara,South,"H. siddih Rd opp. Bus 
stand burial Ground 
Corner Double Rd 
corner",-,-,Yes,Yes,No,Yes,Yes,No,-,-,"Suri Loseel 
Rukkanna",
374,145,Hombegowda Nagara,South,"H. siddih Rd 1st cross 
urvashi  theater circle",-,-,Yes,Yes,Yes,Yes,Yes,Yes,-,-,Mutiyala,
375,145,Hombegowda Nagara,South,Bade slum,-,-,Yes,Yes,No,No,No,No,-,-,Public,
376,145,Hombegowda Nagara,South,"Housar Rd Double Rd 
Corner",-,-,Yes,Yes,Yes,Yes,Yes,Yes,-,-,Kumar,
377,145,Hombegowda Nagara,South,"housar Rd 14th cross 
corner Near Vijaya 
sagar hotel",-,-,Yes,Yes,Yes,Yes,Yes,Yes,-,-,Venkatesh,
378,145,Hombegowda Nagara,South,"Bande slum toilet 7th 
main chinayana palya",-,-,Yes,Yes,Yes,Yes,Yes,Yes,-,-,Sanjeeva,
381,145,Hombegowda Nagara,South,Narayana pura slum,-,-,Yes,No,No,No,No,No,-,-,Public,
382,145,Hombegowda Nagara,South,Anjenaya slam,-,-,Yes,Yes,No,Yes,No,No,-,-,Public,
383,146,Lakkasandra,South,Chandu Nagar,BG Road,-,Yes,Yes,Yes,Yes,Yes,Yes,Yes,No,Sulabh,"SS Aravind AE 
Lingegowda AEE"
384,146,Lakkasandra,South,"Near Main Chinlya 
school","New Micro Archygo Slum 
MR",-,Yes,Yes,Yes,Yes,Yes,Yes,Yes,No,Sulabh,"SS Aravind AE 
Lingegowda AEE"
385,146,Lakkasandra,South,Nalya Gygahma Slum,Nalur slum MR,-,Yes,Yes,Yes,Yes,Yes,Yes,Yes,No,Sulabh,"SS Aravind AE 
Lingegowda AEE"
386,146,Lakkasandra,South,Opp Police Qts,Hosur Main Road,-,Yes,Yes,Yes,Yes,Yes,Yes,Yes,No,Sulabh,"SS Aravind AE 
Lingegowda AEE"
387,147,Adugodi,South,-,"opp to passport office 80' 
road",2011,Yes,Yes,Yes,Yes,Yes,Yes,Yes,No,Sulabh,"MJ Yogesh AEE 
Savithri AE"
388,147,Adugodi,South,-,"7thMain road Near 
Anjaneya swamy temple 
Rajendranagar slum",2005,Yes,Yes,Yes,Yes,Yes,Yes,No,Yes,Sulabh,"MJ Yogesh AEE 
Savithri AE"
389,149,Varthuru,Mahadevapura,149,"Varthur - Infront of 
Varthur Govt Jr. College",2004,Yes,Yes,Yes,y Tank,-,Yes,-,-,"M/s Southern 
Foundation
Urinals - Free
Toilet - Rs.2/-","Sri. Vinayak VasuDev 
Naik, AE
Sri. D K Madhu 
Sudhan, AEE"
390,150,Bellanduru,Mahadevapura,150,"Devarabisanahalli Main 
Road",2010,Yes,yes,yes,-,-,Yes,-,-,-,"Sandesh Shetty/ K 
Kodanda"
391,150,Bellanduru,Mahadevapura,150,Bellandur main road,-,Yes,-,-,-,-,-,-,-,-,"Sandesh Shetty/ K 
Kodanda"
392,150,Bellanduru,Mahadevapura,150,Challaghatta Colony,-,Yes,Yes,-,-,-,-,-,-,-,"Sandesh Shetty/ K 
Kodanda"
393,151,Koramangala,South,1st block,"80 feet road & Sarjapura 
road",2005-06,Yes,Yes,Yes,No,Yes,Yes,No,No,"Vishal 
International Asst.","Sri.M.J.yogesh - A.E.E.
Sri.Shivalingappa 
S.Savukar - A.E"
394,151,Koramangala,South,"6th block, Laxmidevi 
park",20th main road,-,Yes,Yes,Yes,No,Yes,Yes,Yes,No,"Sujitkumar S/o 
Indrakumar 
(permission not 
given)","Sri.M.J.yogesh - A.E.E.
Sri.Shivalingappa 
S.Savukar - A.E"
395,151,Koramangala,South,"5th block 
Opp.Mangala kalyana 
mantap",20th main road,2005-06,Yes,Yes,Yes,Yes,Yes,Yes,No,Yes,"Ravi S/O 
Powrakarmika","Sri.M.J.yogesh - A.E.E.
Sri.Shivalingappa 
S.Savukar - A.E"
396,152,Suddagunte Palya,South,"Venkateshewara 
Layout Main Road","Adjoning to Ghousia 
college",2014,Yes,Yes,Yes,Yes,Yes,Yes,Yes,No,Sulabh,"S Anil Kumar AE Linge
Gowda AEE"
397,152,Suddagunte Palya,South,"Adjoining to Ayuppa 
swamy temple",Hosur Main Road,2014,Yes,Yes,Yes,Yes,Yes,Yes,Yes,No,Sulabh,"S Anil Kumar AE Linge
Gowda AEE"
398,153,Jayanagar,South,MNK park,KR Road,2013,Yes,Yes,Yes,Yes,Yes,Yes,No,Yes,BBMP,Sandeep AE
399,153,Jayanagar,South,MNK park,KR Road,2014,Yes,Yes,Yes,Yes,Yes,No,No,Yes,BBMP,Sandeep AE
400,154,Basavanagudi,South,NR colony,Shop street,-,Yes,Yes,Yes,Yes,Yes,Yes,Yes,Yes,Sandeep shankar,"Shivaramu AE      YL 
Harish  AEE"
401,154,Basavanagudi,South,Bugal Rock Park,Eat street,-,Yes,Yes,Yes,Yes,Yes,Yes,Yes,Yes,Mamatha,"Shivaramu AE      YL 
Harish  AEE"
402,155,Hanumanth Nagar,South,"Kempe gowda 
swimming phool near",Hindu Maha sagar Road,2010,Yes,Yes,Yes,Yes,No,Yes,No,No,Murthy,"Raghavendra Nail  AE 
YL Harish  AEE"
403,155,Hanumanth Nagar,South,"Deer Park opposite 
toilet",Chamarajpet Main Road,2008,Yes,Yes,Yes,Yes,Yes,Yes,No,No,Madhan,"Raghavendra Nail  AE 
YL Harish  AEE"
404,155,Hanumanth Nagar,South,"AK Colony Park near 
Toilet",Gavipuram Main Road,1988,Yes,Yes,Yes,Yes,Yes,Yes,No,No,Suresh,"Raghavendra Nail  AE 
YL Harish  AEE"
405,155,Hanumanth Nagar,South,Hari Hari Gudda Park,"Subramanya Bharathi 
Road",-,Yes,Yes,-,-,-,-,-,-,-,"Raghavendra Nail  AE 
YL Harish  AEE"
406,155,Hanumanth Nagar,South,"Ramanjneya Gudda 
Near toilet",Ramanjaneya Road,-,Yes,Yes,-,-,-,-,-,-,-,"Raghavendra Nail  AE 
YL Harish  AEE"
407,156,Srinagar,South,"on footpath 80' road 
Bank bus stop",80' road,2011-12,Yes,Yes,Yes,Yes,Yes,Yes,Yes,No,Visal Enterprice,"KB Ramnasapa AE    
YL Harish  AEE"
409,156,Srinagar,South,Srinagar Bus stand,Srinagar Bus stand,2005,Yes,Yes,Yes,Yes,Yes,Yes,No,Yes,Visal Enterprice,"KB Ramnasapa AE    
YL Harish  AEE"
410,156,Srinagar,South,Kasidada Bus stand,Kasidada Bus stand,2009,Yes,Yes,No,No,No,Yes,No,No,Visal Enterprice,"KB Ramnasapa AE    
YL Harish  AEE"
411,156,Srinagar,South,"Inside Kanthimma 
Park",Inside Kanthimma Park,2014-15,Yes,Yes,Yes,Yes,Yes,Yes,No,Yes,Visal Enterprice,"KB Ramnasapa AE    
YL Harish  AEE"
412,157,Gali Anjenaya Temple ward,South,"Behind IPP Hospital 
opp. Patel Gundappa","10th cross Muneshwara 
block",2010,Yes,Yes,Yes,Yes,Yes,Yes,Yes,Yes,Santosh Kunar,"S. Vasanthkumar AE   
K.Jananath   AEE"
413,157,Gali Anjenaya Temple ward,South,"Near 58 Bus stop 
Timber yard main Rd",Timber yard main Rd,2011,Yes,Yes,Yes,Yes,Yes,Yes,Yes,Yes,S.N. Dube,"S. Vasanthkumar AE   
K.Jananath   AEE"
414,158,Deepanjali Nagar,South,"1st MR,Deepanjali 
nagar Near Metro 
Starion",1st mian Rd,2005,Yes,Yes,Yes,Yes,Yes,Yes,Yes,No,Anjanamma,"S. Prakesh K.S AE    
K.Jananath   AEE"
415,158,Deepanjali Nagar,South,Eranna Gudde circle,Hosakerehalli MR,2011,Yes,Yes,Yes,Yes,Yes,Yes,Yes,No,panchananja,"S. Prakesh K.S AE    
K.Jananath   AEE"
416,159,Kengeri,R.R Nagar,Near Market,Kuvempu Road Kengeri,2006-07,Yes,Yes,Yes,No,Yes,Yes,No,No,Vishal Internation,T.M.Shashi Kumar AE
417,160,Rajarajeshwari Nagar,R.R Nagar,"BEML 3rd stage 
Model Rd Near bimal 
Complex",-,-,Yes,Yes,Yes,Yes,Yes,Yes,Yes,No,"Vishal 
International Asst.","Aswath Reddy AEE
Ramesh AE"
418,160,Rajarajeshwari Nagar,R.R Nagar,"Near BBMp office 
ARO RR Nagar",-,2015,Yes,Yes,Yes,Yes,Yes,Yes,Yes,Yes,-,"Aswath Reddy AEE
Ramesh AE"
419,160,Rajarajeshwari Nagar,R.R Nagar,Athma jyothi Nagar,Behind john Distilleries Rd,1998,Yes,Yes,No,Yes,Yes,No,No,Yes,-,Ramesh AE
420,161,Hosakerehalli,South,Hosakerehalli,Hosakerehalli Bus stand,2010,Yes,Yes,Yes,Yes,Yes,Yes,Yes,Yes,"C 
Hanumanthappa","V Vijay Kumar AEE
K Venkata AE"
421,162,Girinagar,South,"1st cross, BSK, 3rd 
stage, 7th Block",-,2003-04,Yes,Yes,Yes,Yes,Yes,Yes,-,-,H Radha Krishna,"S N Prasad AE       
S B Rahul  AEE"
422,162,Girinagar,South,"50feet road BDA 
Avahalli Park",-,2003-04,Yes,Yes,Yes,Yes,Yes,Yes,-,-,H Radha Krishna,"S N Prasad AE       
S B Rahul  AEE"
423,163,Katriguppe,South,"No 43 Bus stop 
Khatriguppa Main 
Road",-,-,Yes,Yes,Yes,Yes,Yes,Yes,-,-,-,"KM Krishna AE      
S B Rahul  AEE"
424,164,Vidyapeeta ward,South,"Shankar Naga Circle, 
Kempagowda play 
ground, 80' road, BSK
1st stage",-,-,Yes,Yes,Yes,Yes,Yes,Yes,-,-,-,"SB Asha  AE         
S B Rahul  AEE"
425,164,Vidyapeeta ward,South,"CT Bade Park, BBMP 
office",-,-,Yes,Yes,Yes,Yes,Yes,Yes,-,-,-,"SB Asha  AE         
S B Rahul  AEE"
426,164,Vidyapeeta ward,South,"Shri Kantavaswar 
Park, Channama Layot",-,-,Yes,Yes,Yes,Yes,Yes,Yes,-,-,-,"SB Asha  AE         
S B Rahul  AEE"
427,165,Ganesh Mandir ward,South,Ganesh Mandir ward,"24 Cqg, .r.J P
P,",-,Yes,Yes,Yes,Yes,Yes,Yes,Yes,No,Ramakrishna,"Bhaskar AEE
Sridhar AE"
428,165,Ganesh Mandir ward,South,Ganesh Mandir ward,"APj  C 
P, APjz 2 Av, 
AUg",-,Yes,Yes,Yes,Yes,Yes,Yes,Yes,No,Prassana,"Bhaskar AEE
Sridhar AE"
429,166,Karisandra,South,Karisandra,"27 Cqg, m,
APj 2 Av, PjAz
q",-,Yes,Yes,Yes,Yes,Yes,Yes,Yes,No,-,"Bhaskar AEE
JayKumar AE"
430,166,Karisandra,South,Karisandra,"PPg Rg, P 
AU A Jzg, 
AUg",-,Yes,Yes,Yes,Yes,Yes,Yes,Yes,No,-,"Bhaskar AEE
JayKumar AE"
431,166,Karisandra,South,Karisandra,"J.P P, P. Dg 
qq, APj 2 Av,
AUg",-,,,,,,,,No,-,"Bhaskar AEE
JayKumar AE"
432,167,Yediyur,South,Yediyur," ZAi
dAiUg 6 P, 
AirAig Ai P, 
AUg",-,Yes,Yes,Yes,Yes,Yes,Yes,Yes,No, tU,"Bhaskar AEE
Yathish AE"
"SL 
No","Ward
No",Name of the ward,Zone,Location of the toilet,Name of the road/ street,"Year of 
construct
ion",Toilet is for,,Facilities available,,,,,,"Contractor 
name",ward AE/AEE Name
,,,,,,,Gents,Ladies,Electricity,water,UGD,"water 
tank",BWSSB,"Bore 
well",,
433,167,Yediyur,South,Yediyur,"ZAi, dAiUg 6 
P, AirAig 
zAi s P, 
AirAig PgAi Jzg, 
AUg",-,Yes,No,Yes,No,No,Yes,No,No,gw,"Bhaskar AEE
Yathish AE"
434,167,Yediyur,South,Yediyur,"3 P dAiUg, Az
nAixg P, 22 
Cqg, AUg",-,Yes,Yes,Yes,Yes,Yes,Yes,Yes,No,aAz AU,"Bhaskar AEE
Yathish AE"
435,167,Yediyur,South,Yediyur,"AirAig PgAi P, 
PPg Rg, 
AUg",-,,,,,,,,No,-,"Bhaskar AEE
Yathish AE"
436,168,Pattabhiram Nagar,South,"26th Main Road 32nd 
Cross Road",26th Main,2011,Yes,Yes,Yes,Yes,Yes,Yes,Yes,Yes,-,"Ashok Biradar AE, 
Venkatesh K. AEE"
437,168,Pattabhiram Nagar,South,"Juction of 18th Main 
on 46th Cross 4th T 
Block",18th Main Road,2011,Yes,Yes,Yes,Yes,Yes,Yes,Yes,Yes,Lingaraj,"Ashok Biradar AE, 
Venkatesh K. AEE"
438,168,Pattabhiram Nagar,South,"Juction of 27th Cross 
9th Main, 3rd Block",27th Cross Road,2011,Yes,Yes,Yes,Yes,Yes,Yes,Yes,Yes,Oblapathi,"Ashok Biradar AE, 
Venkatesh K. AEE"
439,168,Pattabhiram Nagar,South,"5th Main, 4th Block 
Jayanagara",5th Main Road,2014,Yes,Yes,"Y s
n",Yes,Yes,Yes,Yes,Yes,Ranganath,"Ashok Biradar AE, 
Venkatesh K. AEE"
440,168,Pattabhiram Nagar,South,"28th Main 4th T Block
(Park)",34th Cross,2013,Yes,Yes,Yes,Yes,Yes,Yes,Yes,Yes,Ranganath,"Ashok Biradar AE, 
Venkatesh K. AEE"
441,168,Pattabhiram Nagar,South,"9th Main Road, 4th 
Block Jayanagara","9th Main 4th Block 
Jayanagara",-,Yes,Yes,Yes,Yes,Yes,Yes,Yes,Yes,Ranganath,"Ashok Biradar AE, 
Venkatesh K. AEE"
442,169,Byrasandra,South,"22nd Cross, N ar 
Byrasandra Bus Stop",22nd Cross,2011,Yes,Yes,Yes,Yes,Yes,Yes,No,No,Pothalaiah,"Hemanth Kumar.C N  
AE, Venkatesh K. AEE"
443,169,Byrasandra,South,"30th Cross, 22nd Main
Thilakanagara",30th Cross,-,Yes,Yes,Yes,Yes,Yes,Yes,Yes,No,Narasimha,"Hemanth Kumar.C N  
AE, Venkatesh K. AEE"
444,169,Byrasandra,South,Nakkalubande Slum,25th Main,2011,Yes,Yes,Yes,No,Yes,No,No,No,-,"Hemanth Kumar.C N  
AE, Venkatesh K. AEE"
445,169,Byrasandra,South,"Jayanagara 4th Block 
Vegetable Market",27th A cross,-,Yes,No,No,No,No,No,No,No,-,"Hemanth Kumar.C N  
AE, Venkatesh K. AEE"
446,170,Jayanagar East,South,"46th Cross Near East 
end Bus Stop",46th cross,-,Yes,Yes,Yes,Yes,Yes,Yes,No,No,Chandra,"Samandaiah  AE,     
Venkatesh K. AEE"
447,170,Jayanagar East,South,"Bannerughatta Road 
Near Bus Stop",B G Road,-,Yes,Yes,Yes,Yes,Yes,Yes,No,No,Suresh,"Samandaiah  AE,     
Venkatesh K. AEE"
448,170,Jayanagar East,South,"East end Main Road 
Near carmel school",East end main road,-,Yes,Yes,Yes,Yes,Yes,Yes,No,No,Suresh,"Samandaiah  AE,     
Venkatesh K. AEE"
449,172,Madivala,South,Tavarekere Bus stop,-,1994-95,Yes,Yes,Yes,Yes,Yes,Yes,Yes,No,Sulabh,Naganathan H
450,176,BTM Layout,South,"Murdaeshwara Bus 
stop",16th Main Road,2012-13,Yes,Yes,Yes,Yes,Yes,Yes,Yes,No,-,"SS Aravind AE 
Lingegowda AEE"
451,176,BTM Layout,South,Masu ground,"4th cross, 9th main",2009-10,Yes,Yes,Yes,Yes,No,No,No,No,-,"SS Aravind AE 
Lingegowda AEE"
452,176,BTM Layout,South,"Near Someshwara 
slum",29th main,2009-10,Yes,Yes,Yes,Yes,No,No,No,No,-,"SS Aravind AE 
Lingegowda AEE"
453,176,BTM Layout,South,"Foresh office 
compound",29th main,2009-10,Yes,Yes,Yes,Yes,Yes,Yes,Yes,No,-,"SS Aravind AE 
Lingegowda AEE"
454,177,J P Nagar,South,Mini forest,15th cross 1st main,2015,Yes,Yes,Yes,Yes,Yes,Yes,No,Yes,Private,H C Kuisnna kumar
455,177,J P Nagar,South,Mini forest,9th cross 1st main,2010,Yes,Yes,Yes,Yes,Yes,Yes,No,Yes,Private,H C Kuisnna kumar
456,178,Sarakki,South,9th corss 1st phase,39th MN JP Nagar,-,Yes,Yes,Yes,No,Yes,No,No,No,-,"AEE Venkatesh 
AE Manjunath TR"
457,178,Sarakki,South,Near Bangalore 1,35th Mn 14th cross,-,Yes,Yes,Yes,No,Yes,Yes,Yes,No,-,"AEE Venkatesh 
AE Manjunath TR"
458,178,Sarakki,South,VET College,"11th Main 2nd pahse JP 
Nagar",-,Yes,Yes,Yes,Yes,Yes,Yes,Yes,Yes,-,"AEE Venkatesh 
AE Manjunath TR"
459,178,Sarakki,South,Near Su Dn JP Nagar,"10th cross 2nd main2nd 
pahse",-,Yes,Yes,Yes,Yes,Yes,Yes,Yes,Yes,-,"AEE Venkatesh 
AE Manjunath TR"
460,179,Shakambari Nagar,South,5th Block Jayanagar,10th MR,2008,Yes,Yes,Yes,No,Yes,Yes,No,No,-,-
461,179,Shakambari Nagar,South,8th Block Jayanagar,40th Cross,2007,Yes,Yes,Yes,No,Yes,Yes,No,No,-,-
462,179,Shakambari Nagar,South,8th Block Jayanagar,45th Cross,2010,Yes,Yes,Yes,Yes,Yes,Yes,Yes,No,-,-
463,179,Shakambari Nagar,South,5th Block Jayanagar,46th Cross,2007,Yes,Yes,Yes,Yes,Yes,Yes,Yes,No,-,-
464,180,Banashankari Temple ward,South,Banashankari Temple,"PPg Rg, APj
zz wg, APj 
2 Av",-,Yes,Yes,Yes,Yes,Yes,Yes,Yes,No,"Umesh Pratap 
Sign","Baskar AEE
Ravikumar AEE"
465,180,Banashankari Temple ward,South,Banashankari Temple,"9 Rg, Aiig 
Ug, APj 2 Av, 
AUg",-,Yes,Yes,Yes,Yes,Yes,Yes,Yes,No,Punkaj Mishra,"Baskar AEE
Ravikumar AEE"
466,181,Kumaraswamy Layout,South,Near Police station,71st cross,2001,Yes,Yes,Yes,Yes,Yes,Yes,No,Yes,Private,"Narandakumar AE V 
VijayKumar  AEE"
467,182,Padmanabha Nagar,South,"15th F Bus stand 
Kumarswamy Layot",50 feet cross road,2011,Yes,Yes,Yes,Yes,Yes,Yes,Yes,No,BBMP,"H Prakesh AE 
V VijayKumar  AEE"
468,182,Padmanabha Nagar,South,"12 B Bus stabd 
Padmanabha Nagar",MK Putlingaya Road,2001,Yes,Yes,Yes,Yes,Yes,Yes,Yes,Yes,BBMP,"H Prakesh AE 
V VijayKumar  AEE"
469,182,Padmanabha Nagar,South,"12 B Bus stabd 
Padmanabha Nagar",C.J.V Road,2001,Yes,Yes,Yes,Yes,Yes,Yes,Yes,No,BBMP,"H Prakesh AE 
V VijayKumar  AEE"
470,183,Chikkalsandra,South,"Basvaasawshvar Park, 
80 feet road, 
Basvaasawshvar Nagar","Basvaasawshvar 80 feet 
road",-,Yes,Yes,Yes,Yes,Yes,Yes,No,Yes,"Basvaasawshvar 
Hita rashitha 
Vadika","Devaraj AE 
V VijayKumar  AEE"
471,184,Uttarahalli,Bomanahalli,Uttar halli bus stop,Uttar halli Rd,2008,Yes,Yes,Yes,Yes,Yes,Yes,Yes,No,-,"K.Devagowda AE
Narashima Babu AEE"
472,185,Yelchenahalli,Bomanahalli,"Near HDFC BANK, 
Pickles 
Factory,Kanakapura  
Main Road, 
Yelchnahalli",HDFC Bank Rd,2009,Yes,Yes,Yes,PS,Yes,Yes,No,No,"Nataure Care 
Foundation","Dayanan D.N AE
Narashima Babu AEE"
473,188,Bilekhalli,Bomanahalli,"Opp to Mahindra show
room, Near IIMB, 
Banneraghatta road, 
Bilekahalli, Bangalore",Near IIMB,2006,Yes,Yes,Yes,Yes,Yes,Yes,Yes,No,"Shubhra 
International 
Social service 
Organisation","Sarvotham GK, AE & 
Channaveeraiah, AEE"
474,190,Mangammanapalya,Bomanahalli,"Bandepalya near Govt 
school",Near Govt school,2008,Yes,Yes,No,No,Yes,Yes,Yes,No,-,"Rameshdev, AE & 
Channaveeraiah, AEE"
475,190,Mangammanapalya,Bomanahalli,"Timber Road, 
Bandepalya",Timber road,2011,Yes,Yes,Yes,No,Yes,Yes,No,No,-,"Rameshdev, AE & 
Channaveeraiah, AEE"
476,193,Arakere,Bomanahalli,"Nayappa Halli Near 
Anganawadi",Nayappahalli,2009-10,Yes,Yes,Yes,Yes,Yes,Yes,Yes,Yes,-,"Kumar Swamy AE
J.N. Lokesh AEE"
477,193,Arakere,Bomanahalli,Venugoapal Nagar,-,2012-13,Yes,Yes,Yes,Yes,Yes,Yes,Yes,Yes,-,"Kumar Swamy AE
J.N. Lokesh AEE"
478,195,Konankunte,Bomanahalli,"RBI Layout Play 
ground",8th Cross RBI Layout,2014,Yes,Yes,Yes,Yes,Yes,Yes,Yes,No,-,"M. Basavaraj AEE,
Khadripathi, AE"
479,198,Hemmigepura,R.R Nagar,Buvneshwari Nagar,8th Cross,2007,Yes,Yes,Yes,Yes,Yes,Yes,Yes,No,-,"T.M.Shashi Kumar AE
H. Kumarappa AEE"
